customer_id,full_name,post_code,city,region,last_update_date
13,Philip McKenzie,MK86 3SW,New Michael,Aberdeenshire,2025-11-15 18:31:55
28,Rosemary Brooks,ML46 2LH,Robinsonmouth,Orkney Islands,2025-11-16 16:16:23
50,Mr Hugh Hill,TD44 0NJ,Lake Eric,Staffordshire,2025-11-19 06:50:42
21,Suzanne Bailey,S2 3YT,Daviestown,Perth and Kinross,2025-11-04 15:35:20
44,Daniel Powell,B95 8EE,North Sarah,Falkirk,2025-11-09 11:55:49
17,Charlie Wilkinson,G31 0SW,East Graceberg,Fife,2025-11-16 23:15:37
7,Carolyn James,W66 9SG,South Simonmouth,East Ayrshire,2025-11-07 22:12:09
34,Pamela Barber-Williams,PL17 7DR,New Maryville,Devon,2025-11-10 11:47:32
43,Daniel Robinson,IM6Y 2HX,Gallagherstad,Moray,2025-11-01 23:38:51
38,Kerry Jones,M1S 0WP,North Elaine,West Berkshire,2025-11-25 20:52:48
4,Mr Gerald Connor,PH5H 4AS,Lake Megan,Surrey,2025-11-16 08:01:09
3,Lee Miller,W7 1WL,Lake Malcolm,Greater London,2025-11-08 20:37:40
6,Mr William Taylor,EC95 8FE,Frankland,East Renfrewshire,2025-11-21 12:55:14
48,Donna Owen,IG0 3JT,South Gemma,East Lothian,2025-11-17 04:53:18
27,Marilyn Knight,E10 6AD,Huntfort,Merionethshire,2025-10-31 19:32:15
24,Dr Jacob Howe,LS3 3ZF,New Paulaberg,Anglesey,2025-11-05 18:50:07
49,Christian Gray-Ward,N60 3EL,Jamieview,Cardiganshire,2025-11-25 11:24:40
22,Arthur Forster,CR5A 9YL,New Elizabethfort,City of Edinburgh,2025-11-17 16:06:06
29,Gemma Lynch,HP4H 1YP,Lake Jodie,North Lanarkshire,2025-11-07 14:39:27
11,Aimee Robinson,M16 4LE,Hodgsonmouth,Denbighshire,2025-11-04 11:58:23
12,Leanne Gordon,G12 5EP,Bennettstad,Shetland Islands,2025-11-28 12:35:36
42,Antony Jones,S25 8DR,Jonesport,North Ayrshire,2025-11-06 20:40:54
16,Katherine Day,E0E 2EW,South Allan,West Sussex,2025-11-13 06:02:43
39,Marcus Jackson,BL2 5EH,North Francisstad,Cleveland,2025-11-02 14:20:22
15,Stephanie Webb,CT98 4SX,Lake Abigailshire,Buckinghamshire,2025-10-31 23:28:26
40,Dr Gareth Matthews,E6H 6PN,Billyborough,Merionethshire,2025-11-22 03:26:47
18,Paula Frost,E1 2PH,Rebeccahaven,East Renfrewshire,2025-11-02 01:34:13
36,Charlotte Johnson-Cole,G70 2FG,South Louisbury,Oxfordshire,2025-11-24 02:53:45
19,Mr Robert Smith,M9J 2BR,New William,Somerset,2025-11-26 18:24:40
47,Stanley White,W94 7LF,Deborahton,Aberdeen City,2025-11-22 05:30:01
5,Valerie Jordan,WV9R 5XX,Howardmouth,Tyne and Wear,2025-11-25 12:23:55
45,Mrs Pamela Rowe,N1T 7AW,Hallberg,Derbyshire,2025-11-20 18:01:16
37,Katie Williams-Gray,CM3 5BX,Donnamouth,Greater London,2025-11-14 05:40:43
26,Mrs Hilary Barton,RM7B 1PN,New Kevin,Aberdeen City,2025-11-07 13:01:24
1,Ms Alexandra Ferguson,SL4P 8LS,Sharonland,Derbyshire,2025-11-07 04:44:36
30,Mr Timothy Collins,HP8 9FY,South Howardview,Hertfordshire,2025-11-04 04:24:51
41,Claire Cross,ST75 4BG,Leeville,Greater Manchester,2025-11-29 17:54:08
25,Ms Karen Manning,L14 7YQ,Smithland,South Lanarkshire,2025-11-17 16:28:05
10,Mr Brandon Curtis,M85 4NZ,West Jeffreyshire,Renfrewshire,2025-11-18 00:13:22
33,Terry Swift,WV7 7BQ,East Rachaelmouth,Cleveland,2025-11-26 07:23:21
9,Michelle Gardiner,E6 6QA,New Christine,Lancashire,2025-11-17 08:33:03
20,Zoe Kelly-Francis,WF3 4DN,East Malcolm,City of Edinburgh,2025-11-28 05:28:25
46,Anna Johnson-Thomas,S77 8DY,North Sallybury,Flintshire,2025-11-10 22:53:56
8,Melissa Stone,M0T 2PW,Murphyside,East Lothian,2025-11-06 15:58:24
31,Reece Hamilton-Young,BD4H 3UQ,Michellemouth,North Ayrshire,2025-11-03 03:44:53
35,Diana Moore,WN97 7ZH,West Victorberg,South Ayrshire,2025-11-13 12:17:28
2,Lucy Riley,L5 2RN,East Brett,Tyrone,2025-11-08 01:28:32
32,Alexander Berry,DD7 1JU,Lynneport,Hampshire,2025-11-27 20:06:09
23,Thomas Reed,IM99 2DR,North Nigelside,Shropshire,2025-11-20 15:19:41
14,Dr James Stephenson,CW96 3AE,Toddfort,Clackmannanshire,2025-11-26 03:44:30
